<?xml version="1.0" encoding="UTF-8"?>
<package id="1" uuid="af19f8d3-07fd-4473-aeae-24085c5de0a9">
  <dateCreated id="2">2022-03-11 14:23:10</dateCreated>
  <name>Program Form</name>
  <description>Concepts, a program, an encounter type and an app definition required for proper functioning of the program form</description>
  <openmrsVersion>2.3.0  Build b3ade0</openmrsVersion>
  <version>3</version>
  <groupUuid>8ed2b61b-8829-448b-95a1-b468201846e3</groupUuid>
  <modules id="3">
    <entry>
      <string>calculation</string>
      <string>1.2</string>
    </entry>
    <entry>
      <string>legacyui</string>
      <string>1.6.0</string>
    </entry>
    <entry>
      <string>referenceapplication</string>
      <string>2.10.0</string>
    </entry>
    <entry>
      <string>appointmentscheduling</string>
      <string>1.12.0</string>
    </entry>
    <entry>
      <string>appointmentschedulingui</string>
      <string>1.9.0</string>
    </entry>
    <entry>
      <string>htmlwidgets</string>
      <string>1.10.0</string>
    </entry>
    <entry>
      <string>dataexchange</string>
      <string>1.3.4</string>
    </entry>
    <entry>
      <string>referencedemodata</string>
      <string>1.4.5</string>
    </entry>
    <entry>
      <string>addresshierarchy</string>
      <string>2.11.0</string>
    </entry>
    <entry>
      <string>reportingui</string>
      <string>1.6.0</string>
    </entry>
    <entry>
      <string>referencemetadata</string>
      <string>2.10.2</string>
    </entry>
    <entry>
      <string>uicommons</string>
      <string>2.14.0-SNAPSHOT</string>
    </entry>
    <entry>
      <string>patientflags</string>
      <string>3.0.2</string>
    </entry>
    <entry>
      <string>emrapi</string>
      <string>1.29.0-SNAPSHOT</string>
    </entry>
    <entry>
      <string>registrationapp</string>
      <string>1.20.0-SNAPSHOT</string>
    </entry>
    <entry>
      <string>idgen</string>
      <string>4.5.0</string>
    </entry>
    <entry>
      <string>htmlformentry</string>
      <string>4.0.0</string>
    </entry>
    <entry>
      <string>etllite</string>
      <string>1.1.3</string>
    </entry>
    <entry>
      <string>licensemanagement</string>
      <string>1.0.1-SNAPSHOT</string>
    </entry>
    <entry>
      <string>reportingcompatibility</string>
      <string>2.0.6</string>
    </entry>
    <entry>
      <string>cfldistribution</string>
      <string>1.2.3</string>
    </entry>
    <entry>
      <string>uilibrary</string>
      <string>2.0.6</string>
    </entry>
    <entry>
      <string>locationbasedaccess</string>
      <string>0.3.0-SNAPSHOT</string>
    </entry>
    <entry>
      <string>adminui</string>
      <string>1.3.0</string>
    </entry>
    <entry>
      <string>messages</string>
      <string>1.5.0</string>
    </entry>
    <entry>
      <string>metadatamapping</string>
      <string>1.3.4</string>
    </entry>
    <entry>
      <string>coreapps</string>
      <string>1.29.0</string>
    </entry>
    <entry>
      <string>serialization.xstream</string>
      <string>0.2.14</string>
    </entry>
    <entry>
      <string>cfldistribution-vmp</string>
      <string>0.1.0-SNAPSHOT</string>
    </entry>
    <entry>
      <string>attachments</string>
      <string>2.4.0</string>
    </entry>
    <entry>
      <string>metadatadeploy</string>
      <string>1.11.0</string>
    </entry>
    <entry>
      <string>fhir</string>
      <string>1.20.0</string>
    </entry>
    <entry>
      <string>metadatasharing</string>
      <string>1.6.0</string>
    </entry>
    <entry>
      <string>allergyui</string>
      <string>1.8.3-SNAPSHOT</string>
    </entry>
    <entry>
      <string>formentryapp</string>
      <string>1.4.2</string>
    </entry>
    <entry>
      <string>providermanagement</string>
      <string>2.10.0</string>
    </entry>
    <entry>
      <string>visits</string>
      <string>1.3.2</string>
    </entry>
    <entry>
      <string>sms</string>
      <string>1.2.1</string>
    </entry>
    <entry>
      <string>reportingrest</string>
      <string>1.11.0</string>
    </entry>
    <entry>
      <string>uiframework</string>
      <string>3.19.0</string>
    </entry>
    <entry>
      <string>event</string>
      <string>2.9.0-SNAPSHOT</string>
    </entry>
    <entry>
      <string>reporting</string>
      <string>1.21.0-SNAPSHOT</string>
    </entry>
    <entry>
      <string>callflows</string>
      <string>1.1.5-SNAPSHOT</string>
    </entry>
    <entry>
      <string>htmlformentryui</string>
      <string>2.0.0-SNAPSHOT</string>
    </entry>
    <entry>
      <string>cfl</string>
      <string>1.8.0</string>
    </entry>
    <entry>
      <string>appframework</string>
      <string>2.15.0-SNAPSHOT</string>
    </entry>
    <entry>
      <string>webservices.rest</string>
      <string>2.28.0.df1459</string>
    </entry>
    <entry>
      <string>registrationcore</string>
      <string>1.9.0</string>
    </entry>
    <entry>
      <string>owa</string>
      <string>1.10.0</string>
    </entry>
    <entry>
      <string>appui</string>
      <string>1.13.0-SNAPSHOT</string>
    </entry>
  </modules>
  <items class="linked-hash-set" id="4">
    <org.openmrs.module.metadatasharing.Item id="5" uuid="806195ad-9f5c-42f0-ad9f-736a21a1dac1">
      <id>166084</id>
      <classname>org.openmrs.Concept</classname>
      <dateChanged id="6">2022-03-08 11:26:15</dateChanged>
      <retired>false</retired>
    </org.openmrs.module.metadatasharing.Item>
    <org.openmrs.module.metadatasharing.Item id="7" uuid="30d09891-6bae-492c-b45b-ebe142837497">
      <id>166075</id>
      <classname>org.openmrs.Concept</classname>
      <dateChanged id="8">2022-03-08 11:26:15</dateChanged>
      <retired>false</retired>
    </org.openmrs.module.metadatasharing.Item>
    <org.openmrs.module.metadatasharing.Item id="9" uuid="dca99985-a303-4418-a440-d2af44f62c4b">
      <id>166074</id>
      <classname>org.openmrs.Concept</classname>
      <dateChanged id="10">2022-03-08 11:26:15</dateChanged>
      <retired>false</retired>
    </org.openmrs.module.metadatasharing.Item>
    <org.openmrs.module.metadatasharing.Item id="11" uuid="7e08e42b-744c-4a33-8a59-e0ec735ffd59">
      <id>166086</id>
      <classname>org.openmrs.Concept</classname>
      <dateChanged id="12">2022-03-11 14:22:51</dateChanged>
      <retired>false</retired>
    </org.openmrs.module.metadatasharing.Item>
    <org.openmrs.module.metadatasharing.Item id="13" uuid="324f28ab-cfa7-46ac-99f3-c7d928ba5e79">
      <id>166082</id>
      <classname>org.openmrs.Concept</classname>
      <dateChanged id="14">2022-03-11 13:45:56</dateChanged>
      <retired>false</retired>
    </org.openmrs.module.metadatasharing.Item>
    <org.openmrs.module.metadatasharing.Item id="15" uuid="d9cd2810-d600-47c4-b29c-234c72514b9e">
      <id>166085</id>
      <classname>org.openmrs.Concept</classname>
      <dateChanged id="16">2022-03-08 11:26:15</dateChanged>
      <retired>false</retired>
    </org.openmrs.module.metadatasharing.Item>
    <org.openmrs.module.metadatasharing.Item id="17" uuid="ddfdf4fa-1d0a-40ca-8930-ad914bd07b23">
      <id>166077</id>
      <classname>org.openmrs.Concept</classname>
      <dateChanged id="18">2022-03-08 11:26:15</dateChanged>
      <retired>false</retired>
    </org.openmrs.module.metadatasharing.Item>
    <org.openmrs.module.metadatasharing.Item id="19" uuid="c7e17ce8-d832-4349-a326-b20f5ae7f432">
      <id>166078</id>
      <classname>org.openmrs.Concept</classname>
      <dateChanged id="20">2022-03-08 11:26:15</dateChanged>
      <retired>false</retired>
    </org.openmrs.module.metadatasharing.Item>
    <org.openmrs.module.metadatasharing.Item id="21" uuid="20fb8dc4-b958-4c88-b9a7-96ea36b4b0ef">
      <id>166088</id>
      <classname>org.openmrs.Concept</classname>
      <dateChanged id="22">2022-03-08 11:26:15</dateChanged>
      <retired>false</retired>
    </org.openmrs.module.metadatasharing.Item>
    <org.openmrs.module.metadatasharing.Item id="23" uuid="f2b32e5c-3e18-47af-b84d-8d2994361eb5">
      <id>166112</id>
      <classname>org.openmrs.ConceptNumeric</classname>
      <dateChanged id="24">2022-03-08 11:26:15</dateChanged>
      <retired>false</retired>
    </org.openmrs.module.metadatasharing.Item>
    <org.openmrs.module.metadatasharing.Item id="25" uuid="d2abe711-ac35-3d77-a061-77f8708a8ef1">
      <id>-1298284253</id>
      <classname>org.openmrs.module.appframework.domain.UserApp</classname>
      <retired>false</retired>
    </org.openmrs.module.metadatasharing.Item>
    <org.openmrs.module.metadatasharing.Item id="26" uuid="06c596e7-53dd-44c1-9609-f1406fd9e76d">
      <id>2</id>
      <classname>org.openmrs.Program</classname>
      <dateChanged id="27">2022-03-08 11:26:15</dateChanged>
      <retired>false</retired>
    </org.openmrs.module.metadatasharing.Item>
    <org.openmrs.module.metadatasharing.Item id="28" uuid="b3af129b-90c9-4f84-966e-f4f9515083e6">
      <id>16</id>
      <classname>org.openmrs.EncounterType</classname>
      <dateChanged id="29">2022-03-08 11:26:15</dateChanged>
      <retired>false</retired>
    </org.openmrs.module.metadatasharing.Item>
  </items>
  <relatedItems class="linked-hash-set" id="30">
    <org.openmrs.module.metadatasharing.Item id="31" uuid="8d4a505e-c2cc-11de-8d13-0010c6dffd0f">
      <id>6</id>
      <classname>org.openmrs.ConceptDatatype</classname>
      <dateChanged id="32">2004-07-22 00:00:00</dateChanged>
      <retired>false</retired>
    </org.openmrs.module.metadatasharing.Item>
    <org.openmrs.module.metadatasharing.Item id="33" uuid="8d4907b2-c2cc-11de-8d13-0010c6dffd0f">
      <id>1</id>
      <classname>org.openmrs.ConceptClass</classname>
      <dateChanged id="34">2022-03-08 11:26:15</dateChanged>
      <retired>false</retired>
    </org.openmrs.module.metadatasharing.Item>
    <org.openmrs.module.metadatasharing.Item id="35" uuid="c3fde2c9-503b-4213-95f7-8d7c7e79cb33">
      <id>143783</id>
      <classname>org.openmrs.ConceptName</classname>
      <dateChanged id="36">2022-03-08 11:26:15</dateChanged>
    </org.openmrs.module.metadatasharing.Item>
    <org.openmrs.module.metadatasharing.Item id="37" uuid="8d4a4ab4-c2cc-11de-8d13-0010c6dffd0f">
      <id>3</id>
      <classname>org.openmrs.ConceptDatatype</classname>
      <dateChanged id="38">2004-02-02 00:00:00</dateChanged>
      <retired>false</retired>
    </org.openmrs.module.metadatasharing.Item>
    <org.openmrs.module.metadatasharing.Item id="39" uuid="8d491e50-c2cc-11de-8d13-0010c6dffd0f">
      <id>7</id>
      <classname>org.openmrs.ConceptClass</classname>
      <dateChanged id="40">2022-03-08 11:26:15</dateChanged>
      <retired>false</retired>
    </org.openmrs.module.metadatasharing.Item>
    <org.openmrs.module.metadatasharing.Item id="41" uuid="7dd0f3dd-3fa5-4674-ba80-43a412d9332e">
      <id>143773</id>
      <classname>org.openmrs.ConceptName</classname>
      <dateChanged id="42">2022-03-08 11:26:15</dateChanged>
    </org.openmrs.module.metadatasharing.Item>
    <org.openmrs.module.metadatasharing.Item id="43" uuid="3741e319-a9b4-4253-be83-eb5d704e1d81">
      <id>143772</id>
      <classname>org.openmrs.ConceptName</classname>
      <dateChanged id="44">2022-03-08 11:26:15</dateChanged>
    </org.openmrs.module.metadatasharing.Item>
    <org.openmrs.module.metadatasharing.Item id="45" uuid="8d4a48b6-c2cc-11de-8d13-0010c6dffd0f">
      <id>2</id>
      <classname>org.openmrs.ConceptDatatype</classname>
      <dateChanged id="46">2004-02-02 00:00:00</dateChanged>
      <retired>false</retired>
    </org.openmrs.module.metadatasharing.Item>
    <org.openmrs.module.metadatasharing.Item id="47" uuid="8d492594-c2cc-11de-8d13-0010c6dffd0f">
      <id>10</id>
      <classname>org.openmrs.ConceptClass</classname>
      <dateChanged id="48">2022-03-08 11:26:15</dateChanged>
      <retired>false</retired>
    </org.openmrs.module.metadatasharing.Item>
    <org.openmrs.module.metadatasharing.Item id="49" uuid="78d303b0-996b-4fa3-9648-03ba0da160cc">
      <id>143785</id>
      <classname>org.openmrs.ConceptName</classname>
      <dateChanged id="50">2022-03-08 11:26:15</dateChanged>
    </org.openmrs.module.metadatasharing.Item>
    <org.openmrs.module.metadatasharing.Item id="51" uuid="5eb51290-80fd-49b1-85cc-f9b8183cbf78">
      <id>2898</id>
      <classname>org.openmrs.ConceptSet</classname>
      <dateChanged id="52">2021-09-06 20:33:29</dateChanged>
    </org.openmrs.module.metadatasharing.Item>
    <org.openmrs.module.metadatasharing.Item id="53" uuid="1e589825-b704-4f1c-a045-4fcfe1f55f21">
      <id>143775</id>
      <classname>org.openmrs.ConceptName</classname>
      <dateChanged id="54">2022-03-08 11:26:15</dateChanged>
    </org.openmrs.module.metadatasharing.Item>
    <org.openmrs.module.metadatasharing.Item id="55" uuid="b3706aa0-c6c0-43ff-be5a-5774d95e38fb">
      <id>2902</id>
      <classname>org.openmrs.ConceptSet</classname>
      <dateChanged id="56">2021-09-06 20:33:29</dateChanged>
    </org.openmrs.module.metadatasharing.Item>
    <org.openmrs.module.metadatasharing.Item id="57" uuid="6d8f7611-0cf6-4c05-ad79-53074f0c43cd">
      <id>2899</id>
      <classname>org.openmrs.ConceptSet</classname>
      <dateChanged id="58">2021-09-06 20:33:29</dateChanged>
    </org.openmrs.module.metadatasharing.Item>
    <org.openmrs.module.metadatasharing.Item id="59" uuid="89bb1583-c6e5-41f2-b7b9-a0a5b5f2388f">
      <id>143792</id>
      <classname>org.openmrs.ConceptName</classname>
      <dateChanged id="60">2022-03-08 11:26:15</dateChanged>
    </org.openmrs.module.metadatasharing.Item>
    <org.openmrs.module.metadatasharing.Item id="61" uuid="203b7b75-1f33-42be-a31e-a3e8e983d941">
      <id>143776</id>
      <classname>org.openmrs.ConceptName</classname>
      <dateChanged id="62">2022-03-08 11:26:15</dateChanged>
    </org.openmrs.module.metadatasharing.Item>
    <org.openmrs.module.metadatasharing.Item id="63" uuid="7808df67-6c8b-42b6-97eb-cd13e5293ce3">
      <id>143793</id>
      <classname>org.openmrs.ConceptName</classname>
      <dateChanged id="64">2022-03-08 11:26:15</dateChanged>
    </org.openmrs.module.metadatasharing.Item>
    <org.openmrs.module.metadatasharing.Item id="65" uuid="b80a7810-0bc9-476d-96d9-c5d641e28d7b">
      <id>2900</id>
      <classname>org.openmrs.ConceptSet</classname>
      <dateChanged id="66">2021-09-06 20:33:29</dateChanged>
    </org.openmrs.module.metadatasharing.Item>
    <org.openmrs.module.metadatasharing.Item id="67" uuid="903f06e8-db96-4f6f-905e-919dfbba8a28">
      <id>143780</id>
      <classname>org.openmrs.ConceptName</classname>
      <dateChanged id="68">2022-03-08 11:26:15</dateChanged>
    </org.openmrs.module.metadatasharing.Item>
    <org.openmrs.module.metadatasharing.Item id="69" uuid="c787f072-6821-421e-ba1e-2076fb5a50dd">
      <id>143781</id>
      <classname>org.openmrs.ConceptName</classname>
      <dateChanged id="70">2022-03-08 11:26:15</dateChanged>
    </org.openmrs.module.metadatasharing.Item>
    <org.openmrs.module.metadatasharing.Item id="71" uuid="d7e53db4-8063-4e59-92c4-e272afb2b72c">
      <id>143790</id>
      <classname>org.openmrs.ConceptName</classname>
      <dateChanged id="72">2022-03-08 11:26:15</dateChanged>
    </org.openmrs.module.metadatasharing.Item>
    <org.openmrs.module.metadatasharing.Item id="73" uuid="3c71638c-b920-4c1e-9c01-5a2adbe2e971">
      <id>143791</id>
      <classname>org.openmrs.ConceptName</classname>
      <dateChanged id="74">2022-03-08 11:26:15</dateChanged>
    </org.openmrs.module.metadatasharing.Item>
    <org.openmrs.module.metadatasharing.Item id="75" uuid="51c6bb66-5d17-4fc2-81e6-83d23009ac48">
      <id>7329</id>
      <classname>org.openmrs.ConceptAnswer</classname>
      <dateChanged id="76">2022-03-11 13:45:56</dateChanged>
    </org.openmrs.module.metadatasharing.Item>
    <org.openmrs.module.metadatasharing.Item id="77" uuid="1691AAAAAAAAAAAAAAAAAAAAAAAAAAAAAAAA">
      <id>166119</id>
      <classname>org.openmrs.Concept</classname>
      <dateChanged id="78">2022-03-11 13:41:27</dateChanged>
      <retired>false</retired>
    </org.openmrs.module.metadatasharing.Item>
    <org.openmrs.module.metadatasharing.Item id="79" uuid="8d4a5cca-c2cc-11de-8d13-0010c6dffd0f">
      <id>10</id>
      <classname>org.openmrs.ConceptDatatype</classname>
      <dateChanged id="80">2004-08-26 00:00:00</dateChanged>
      <retired>false</retired>
    </org.openmrs.module.metadatasharing.Item>
    <org.openmrs.module.metadatasharing.Item id="81" uuid="8d490bf4-c2cc-11de-8d13-0010c6dffd0f">
      <id>2</id>
      <classname>org.openmrs.ConceptClass</classname>
      <dateChanged id="82">2022-03-11 13:41:27</dateChanged>
      <retired>false</retired>
    </org.openmrs.module.metadatasharing.Item>
    <org.openmrs.module.metadatasharing.Item id="83" uuid="136012BBBBBBBBBBBBBBBBBBBBBBBBBBBBBB">
      <id>143847</id>
      <classname>org.openmrs.ConceptName</classname>
      <dateChanged id="84">2022-01-03 16:35:19</dateChanged>
    </org.openmrs.module.metadatasharing.Item>
    <org.openmrs.module.metadatasharing.Item id="85" uuid="1971BBBBBBBBBBBBBBBBBBBBBBBBBBBBBBBB">
      <id>143848</id>
      <classname>org.openmrs.ConceptName</classname>
      <dateChanged id="86">2022-01-03 16:35:19</dateChanged>
    </org.openmrs.module.metadatasharing.Item>
    <org.openmrs.module.metadatasharing.Item id="87" uuid="106204BBBBBBBBBBBBBBBBBBBBBBBBBBBBBB">
      <id>143849</id>
      <classname>org.openmrs.ConceptName</classname>
      <dateChanged id="88">2022-01-03 16:35:19</dateChanged>
    </org.openmrs.module.metadatasharing.Item>
    <org.openmrs.module.metadatasharing.Item id="89" uuid="96324BBBBBBBBBBBBBBBBBBBBBBBBBBBBBBB">
      <id>143850</id>
      <classname>org.openmrs.ConceptName</classname>
      <dateChanged id="90">2022-01-03 16:35:19</dateChanged>
    </org.openmrs.module.metadatasharing.Item>
    <org.openmrs.module.metadatasharing.Item id="91" uuid="136011BBBBBBBBBBBBBBBBBBBBBBBBBBBBBB">
      <id>143851</id>
      <classname>org.openmrs.ConceptName</classname>
      <dateChanged id="92">2022-01-03 16:35:19</dateChanged>
    </org.openmrs.module.metadatasharing.Item>
    <org.openmrs.module.metadatasharing.Item id="93" uuid="86974BBBBBBBBBBBBBBBBBBBBBBBBBBBBBBB">
      <id>143852</id>
      <classname>org.openmrs.ConceptName</classname>
      <dateChanged id="94">2022-01-03 16:35:19</dateChanged>
    </org.openmrs.module.metadatasharing.Item>
    <org.openmrs.module.metadatasharing.Item id="95" uuid="1528FFFFFFFFFFFFFFFFFFFFFFFFFFFFFFFF">
      <id>18758</id>
      <classname>org.openmrs.ConceptDescription</classname>
      <dateChanged id="96">2022-01-03 16:35:19</dateChanged>
    </org.openmrs.module.metadatasharing.Item>
    <org.openmrs.module.metadatasharing.Item id="97" uuid="a924cb3b-bab7-373c-9c4f-14f2565c23a9">
      <id>285360</id>
      <classname>org.openmrs.ConceptMap</classname>
      <dateChanged id="98">2022-01-03 17:36:21</dateChanged>
    </org.openmrs.module.metadatasharing.Item>
    <org.openmrs.module.metadatasharing.Item id="99" uuid="35543629-7d8c-11e1-909d-c80aa9edcf4e">
      <id>1</id>
      <classname>org.openmrs.ConceptMapType</classname>
      <dateChanged id="100">2022-03-08 11:26:15</dateChanged>
      <retired>false</retired>
    </org.openmrs.module.metadatasharing.Item>
    <org.openmrs.module.metadatasharing.Item id="101" uuid="1cb974a3-28ce-4ea8-b182-9888b4b9bcde">
      <id>285363</id>
      <classname>org.openmrs.ConceptReferenceTerm</classname>
      <dateChanged id="102">2022-01-03 17:36:21</dateChanged>
      <retired>false</retired>
    </org.openmrs.module.metadatasharing.Item>
    <org.openmrs.module.metadatasharing.Item id="103" uuid="21ADDDDDDDDDDDDDDDDDDDDDDDDDDDDDDDDD">
      <id>21</id>
      <classname>org.openmrs.ConceptSource</classname>
      <dateChanged id="104">2022-03-08 11:26:12</dateChanged>
      <retired>false</retired>
    </org.openmrs.module.metadatasharing.Item>
    <org.openmrs.module.metadatasharing.Item id="105" uuid="135182ABBBBBBBBBBBBBBBBBBBBBBBBBBBBB">
      <id>285361</id>
      <classname>org.openmrs.ConceptMap</classname>
      <dateChanged id="106">2022-01-03 17:36:22</dateChanged>
    </org.openmrs.module.metadatasharing.Item>
    <org.openmrs.module.metadatasharing.Item id="107" uuid="4896b494-ac2e-4c12-9514-f813a3f57070">
      <id>285364</id>
      <classname>org.openmrs.ConceptReferenceTerm</classname>
      <dateChanged id="108">2022-01-03 17:36:22</dateChanged>
      <retired>false</retired>
    </org.openmrs.module.metadatasharing.Item>
    <org.openmrs.module.metadatasharing.Item id="109" uuid="13ADDDDDDDDDDDDDDDDDDDDDDDDDDDDDDDDD">
      <id>13</id>
      <classname>org.openmrs.ConceptSource</classname>
      <dateChanged id="110">2022-03-08 11:26:12</dateChanged>
      <retired>false</retired>
    </org.openmrs.module.metadatasharing.Item>
    <org.openmrs.module.metadatasharing.Item id="111" uuid="137530ABBBBBBBBBBBBBBBBBBBBBBBBBBBBB">
      <id>285362</id>
      <classname>org.openmrs.ConceptMap</classname>
      <dateChanged id="112">2022-01-03 17:36:22</dateChanged>
    </org.openmrs.module.metadatasharing.Item>
    <org.openmrs.module.metadatasharing.Item id="113" uuid="a05ed254-05e4-44f0-aefd-1ed3aea16029">
      <id>285365</id>
      <classname>org.openmrs.ConceptReferenceTerm</classname>
      <dateChanged id="114">2022-01-03 17:36:22</dateChanged>
      <retired>false</retired>
    </org.openmrs.module.metadatasharing.Item>
    <org.openmrs.module.metadatasharing.Item id="115" uuid="171a5df4-acac-5e9b-b59b-50ecc9460a4a">
      <id>44</id>
      <classname>org.openmrs.ConceptSource</classname>
      <dateChanged id="116">2022-01-03 16:36:31</dateChanged>
      <retired>false</retired>
    </org.openmrs.module.metadatasharing.Item>
    <org.openmrs.module.metadatasharing.Item id="117" uuid="470a96b5-0592-4592-93dc-c78223601bc5">
      <id>7330</id>
      <classname>org.openmrs.ConceptAnswer</classname>
      <dateChanged id="118">2022-03-11 13:45:56</dateChanged>
    </org.openmrs.module.metadatasharing.Item>
    <org.openmrs.module.metadatasharing.Item id="119" uuid="166536AAAAAAAAAAAAAAAAAAAAAAAAAAAAAA">
      <id>166120</id>
      <classname>org.openmrs.Concept</classname>
      <dateChanged id="120">2022-03-11 13:41:27</dateChanged>
      <retired>false</retired>
    </org.openmrs.module.metadatasharing.Item>
    <org.openmrs.module.metadatasharing.Item id="121" uuid="8d4a4c94-c2cc-11de-8d13-0010c6dffd0f">
      <id>4</id>
      <classname>org.openmrs.ConceptDatatype</classname>
      <dateChanged id="122">2004-02-02 00:00:00</dateChanged>
      <retired>false</retired>
    </org.openmrs.module.metadatasharing.Item>
    <org.openmrs.module.metadatasharing.Item id="123" uuid="145734BBBBBBBBBBBBBBBBBBBBBBBBBBBBBB">
      <id>143853</id>
      <classname>org.openmrs.ConceptName</classname>
      <dateChanged id="124">2022-01-03 15:10:28</dateChanged>
    </org.openmrs.module.metadatasharing.Item>
    <org.openmrs.module.metadatasharing.Item id="125" uuid="2fa9182a-92f0-388b-800f-e235cf66bca0">
      <id>285363</id>
      <classname>org.openmrs.ConceptMap</classname>
      <dateChanged id="126">2022-01-03 16:36:46</dateChanged>
    </org.openmrs.module.metadatasharing.Item>
    <org.openmrs.module.metadatasharing.Item id="127" uuid="0a31d847-647e-4688-8f15-faacca8b3ae8">
      <id>285366</id>
      <classname>org.openmrs.ConceptReferenceTerm</classname>
      <dateChanged id="128">2022-01-03 16:36:46</dateChanged>
      <retired>false</retired>
    </org.openmrs.module.metadatasharing.Item>
    <org.openmrs.module.metadatasharing.Item id="129" uuid="289225ABBBBBBBBBBBBBBBBBBBBBBBBBBBBB">
      <id>285364</id>
      <classname>org.openmrs.ConceptMap</classname>
      <dateChanged id="130">2022-01-03 16:36:43</dateChanged>
    </org.openmrs.module.metadatasharing.Item>
    <org.openmrs.module.metadatasharing.Item id="131" uuid="43ac5109-7d8c-11e1-909d-c80aa9edcf4e">
      <id>2</id>
      <classname>org.openmrs.ConceptMapType</classname>
      <dateChanged id="132">2022-03-08 11:26:12</dateChanged>
      <retired>false</retired>
    </org.openmrs.module.metadatasharing.Item>
    <org.openmrs.module.metadatasharing.Item id="133" uuid="e7ad6ed4-c59d-454b-9270-cb7ae4968db8">
      <id>285367</id>
      <classname>org.openmrs.ConceptReferenceTerm</classname>
      <dateChanged id="134">2022-01-03 16:36:43</dateChanged>
      <retired>false</retired>
    </org.openmrs.module.metadatasharing.Item>
    <org.openmrs.module.metadatasharing.Item id="135" uuid="289227ABBBBBBBBBBBBBBBBBBBBBBBBBBBBB">
      <id>285365</id>
      <classname>org.openmrs.ConceptMap</classname>
      <dateChanged id="136">2022-01-03 16:36:42</dateChanged>
    </org.openmrs.module.metadatasharing.Item>
    <org.openmrs.module.metadatasharing.Item id="137" uuid="996778c1-a17e-4802-bb18-8cec57cabe77">
      <id>285368</id>
      <classname>org.openmrs.ConceptReferenceTerm</classname>
      <dateChanged id="138">2022-01-03 16:36:42</dateChanged>
      <retired>false</retired>
    </org.openmrs.module.metadatasharing.Item>
    <org.openmrs.module.metadatasharing.Item id="139" uuid="68f2dfdc-3fc1-50ee-a522-7bc01771be29">
      <id>43</id>
      <classname>org.openmrs.ConceptSource</classname>
      <dateChanged id="140">2022-01-03 16:36:31</dateChanged>
      <retired>false</retired>
    </org.openmrs.module.metadatasharing.Item>
    <org.openmrs.module.metadatasharing.Item id="141" uuid="9f1b4a00-25c2-42ff-af61-ab62f3041bf0">
      <id>7331</id>
      <classname>org.openmrs.ConceptAnswer</classname>
      <dateChanged id="142">2022-03-11 13:45:56</dateChanged>
    </org.openmrs.module.metadatasharing.Item>
    <org.openmrs.module.metadatasharing.Item id="143" uuid="162321AAAAAAAAAAAAAAAAAAAAAAAAAAAAAA">
      <id>166121</id>
      <classname>org.openmrs.Concept</classname>
      <dateChanged id="144">2022-03-11 13:41:27</dateChanged>
      <retired>false</retired>
    </org.openmrs.module.metadatasharing.Item>
    <org.openmrs.module.metadatasharing.Item id="145" uuid="125490BBBBBBBBBBBBBBBBBBBBBBBBBBBBBB">
      <id>143854</id>
      <classname>org.openmrs.ConceptName</classname>
      <dateChanged id="146">2022-01-03 15:10:35</dateChanged>
    </org.openmrs.module.metadatasharing.Item>
    <org.openmrs.module.metadatasharing.Item id="147" uuid="125489BBBBBBBBBBBBBBBBBBBBBBBBBBBBBB">
      <id>143855</id>
      <classname>org.openmrs.ConceptName</classname>
      <dateChanged id="148">2022-01-03 15:10:35</dateChanged>
    </org.openmrs.module.metadatasharing.Item>
    <org.openmrs.module.metadatasharing.Item id="149" uuid="125488BBBBBBBBBBBBBBBBBBBBBBBBBBBBBB">
      <id>143856</id>
      <classname>org.openmrs.ConceptName</classname>
      <dateChanged id="150">2022-01-03 15:10:35</dateChanged>
    </org.openmrs.module.metadatasharing.Item>
    <org.openmrs.module.metadatasharing.Item id="151" uuid="275182ABBBBBBBBBBBBBBBBBBBBBBBBBBBBB">
      <id>285366</id>
      <classname>org.openmrs.ConceptMap</classname>
      <dateChanged id="152">2022-01-03 16:40:13</dateChanged>
    </org.openmrs.module.metadatasharing.Item>
    <org.openmrs.module.metadatasharing.Item id="153" uuid="6ab26daa-b300-4382-aeb7-92e3e4f1c0a8">
      <id>285369</id>
      <classname>org.openmrs.ConceptReferenceTerm</classname>
      <dateChanged id="154">2022-01-03 16:40:12</dateChanged>
      <retired>false</retired>
    </org.openmrs.module.metadatasharing.Item>
    <org.openmrs.module.metadatasharing.Item id="155" uuid="a697da90-515d-39ae-a5de-712aa4e65f3f">
      <id>285367</id>
      <classname>org.openmrs.ConceptMap</classname>
      <dateChanged id="156">2022-01-03 16:40:11</dateChanged>
    </org.openmrs.module.metadatasharing.Item>
    <org.openmrs.module.metadatasharing.Item id="157" uuid="e234435b-88ff-4286-a2b7-5ba9deb69189">
      <id>285370</id>
      <classname>org.openmrs.ConceptReferenceTerm</classname>
      <dateChanged id="158">2022-01-03 16:40:11</dateChanged>
      <retired>false</retired>
    </org.openmrs.module.metadatasharing.Item>
    <org.openmrs.module.metadatasharing.Item id="159" uuid="9983dfe0-419f-4d13-9376-e3cc3c56a11a">
      <id>3024</id>
      <classname>org.openmrs.ConceptSet</classname>
      <dateChanged id="160">2022-03-11 14:22:51</dateChanged>
    </org.openmrs.module.metadatasharing.Item>
    <org.openmrs.module.metadatasharing.Item id="161" uuid="ea4fc7b1-f87a-4acf-8531-1739a2bfc1a3">
      <id>143787</id>
      <classname>org.openmrs.ConceptName</classname>
      <dateChanged id="162">2022-03-08 11:26:15</dateChanged>
    </org.openmrs.module.metadatasharing.Item>
    <org.openmrs.module.metadatasharing.Item id="163" uuid="77d3816f-811c-47ff-973a-f85d61668bd7">
      <id>143784</id>
      <classname>org.openmrs.ConceptName</classname>
      <dateChanged id="164">2022-03-08 11:26:15</dateChanged>
    </org.openmrs.module.metadatasharing.Item>
    <org.openmrs.module.metadatasharing.Item id="165" uuid="8d4a4488-c2cc-11de-8d13-0010c6dffd0f">
      <id>1</id>
      <classname>org.openmrs.ConceptDatatype</classname>
      <dateChanged id="166">2004-02-02 00:00:00</dateChanged>
      <retired>false</retired>
    </org.openmrs.module.metadatasharing.Item>
    <org.openmrs.module.metadatasharing.Item id="167" uuid="0fc7044c-d262-400a-a179-21254c6234c0">
      <id>143816</id>
      <classname>org.openmrs.ConceptName</classname>
      <dateChanged id="168">2022-03-08 11:26:15</dateChanged>
    </org.openmrs.module.metadatasharing.Item>
    <org.openmrs.module.metadatasharing.Item id="169" uuid="86b235a2-779d-4ef0-9636-88e5ff432365">
      <id>143815</id>
      <classname>org.openmrs.ConceptName</classname>
      <dateChanged id="170">2022-02-22 15:19:22</dateChanged>
    </org.openmrs.module.metadatasharing.Item>
    <org.openmrs.module.metadatasharing.Item id="171" uuid="cc281920-9800-4c85-8f45-f5229998c2ee">
      <id>143817</id>
      <classname>org.openmrs.ConceptName</classname>
      <dateChanged id="172">2022-03-08 11:26:15</dateChanged>
    </org.openmrs.module.metadatasharing.Item>
    <org.openmrs.module.metadatasharing.Item id="173" uuid="c996e756-b2ea-4204-9b20-3bc186d90c21">
      <id>3021</id>
      <classname>org.openmrs.ConceptSet</classname>
      <dateChanged id="174">2021-12-10 12:03:17</dateChanged>
    </org.openmrs.module.metadatasharing.Item>
    <org.openmrs.module.metadatasharing.Item id="175" uuid="b3389711-cc1f-44c1-b287-91d1fc3a8be8">
      <id>3022</id>
      <classname>org.openmrs.ConceptSet</classname>
      <dateChanged id="176">2021-12-10 12:03:17</dateChanged>
    </org.openmrs.module.metadatasharing.Item>
    <org.openmrs.module.metadatasharing.Item id="177" uuid="a1c85c53-edaa-499c-83f5-852de072adc6">
      <id>3020</id>
      <classname>org.openmrs.ConceptSet</classname>
      <dateChanged id="178">2021-12-10 12:03:17</dateChanged>
    </org.openmrs.module.metadatasharing.Item>
    <org.openmrs.module.metadatasharing.Item id="179" uuid="c8ad198e-8d70-49e0-86aa-018f5b7389e5">
      <id>165945</id>
      <classname>org.openmrs.ConceptNumeric</classname>
      <dateChanged id="180">2022-03-08 11:26:15</dateChanged>
      <retired>false</retired>
    </org.openmrs.module.metadatasharing.Item>
    <org.openmrs.module.metadatasharing.Item id="181" uuid="8d4918b0-c2cc-11de-8d13-0010c6dffd0f">
      <id>4</id>
      <classname>org.openmrs.ConceptClass</classname>
      <dateChanged id="182">2022-03-08 11:26:15</dateChanged>
      <retired>false</retired>
    </org.openmrs.module.metadatasharing.Item>
    <org.openmrs.module.metadatasharing.Item id="183" uuid="153d8f5a-78eb-454e-8faf-07defc5c94ef">
      <id>143563</id>
      <classname>org.openmrs.ConceptName</classname>
      <dateChanged id="184">2022-03-08 11:26:15</dateChanged>
    </org.openmrs.module.metadatasharing.Item>
    <org.openmrs.module.metadatasharing.Item id="185" uuid="898fe639-7d67-43ad-a50a-d22e40a54cce">
      <id>18695</id>
      <classname>org.openmrs.ConceptDescription</classname>
      <dateChanged id="186">2022-03-08 11:26:15</dateChanged>
    </org.openmrs.module.metadatasharing.Item>
    <org.openmrs.module.metadatasharing.Item id="187" uuid="b59b7f3b-ffb2-4d12-8d89-313f5e77a484">
      <id>285340</id>
      <classname>org.openmrs.ConceptMap</classname>
      <dateChanged id="188">2022-03-08 11:26:15</dateChanged>
    </org.openmrs.module.metadatasharing.Item>
    <org.openmrs.module.metadatasharing.Item id="189" uuid="805deb3c-5a8a-4c1d-af33-61efc48af958">
      <id>285342</id>
      <classname>org.openmrs.ConceptReferenceTerm</classname>
      <dateChanged id="190">2022-03-08 11:26:15</dateChanged>
      <retired>false</retired>
    </org.openmrs.module.metadatasharing.Item>
    <org.openmrs.module.metadatasharing.Item id="191" uuid="3f65bd34-26fe-102b-80cb-0017a47871b2">
      <id>3</id>
      <classname>org.openmrs.ConceptSource</classname>
      <dateChanged id="192">2022-03-08 11:26:15</dateChanged>
      <retired>false</retired>
    </org.openmrs.module.metadatasharing.Item>
  </relatedItems>
  <incrementalVersion>false</incrementalVersion>
</package>
