<?xml version="1.0" encoding="UTF-8"?>
<list id="1">
  <org.openmrs.LocationAttributeType id="2" uuid="3f498260-c079-4474-8db9-f12894f139ec">
    <name>siteCode</name>
    <creator/>
    <dateCreated id="3">2021-10-25 17:00:22</dateCreated>
    <changedBy/>
    <dateChanged id="4">2021-11-29 14:58:05</dateChanged>
    <retired>false</retired>
    <minOccurs>1</minOccurs>
    <datatypeClassname>org.openmrs.customdatatype.datatype.FreeTextDatatype</datatypeClassname>
    <locationAttributeTypeId>4</locationAttributeTypeId>
  </org.openmrs.LocationAttributeType>
  <org.openmrs.LocationAttributeType id="5" uuid="78dd0af8-9ea5-475a-858a-0adf31e448bd">
    <name>countryCode</name>
    <creator/>
    <dateCreated id="6">2021-10-25 16:59:41</dateCreated>
    <changedBy/>
    <dateChanged id="7">2022-01-05 07:00:09</dateChanged>
    <retired>false</retired>
    <minOccurs>1</minOccurs>
    <datatypeClassname>org.openmrs.customdatatype.datatype.FreeTextDatatype</datatypeClassname>
    <locationAttributeTypeId>3</locationAttributeTypeId>
  </org.openmrs.LocationAttributeType>
  <org.openmrs.LocationAttributeType id="8" uuid="b59e7f64-11a0-44e2-bbff-27693ff5e735">
    <name>cluster</name>
    <creator/>
    <dateCreated id="9">2021-09-21 10:09:29</dateCreated>
    <changedBy/>
    <dateChanged id="10">2022-01-05 07:47:55</dateChanged>
    <retired>false</retired>
    <minOccurs>1</minOccurs>
    <datatypeClassname>org.openmrs.customdatatype.datatype.FreeTextDatatype</datatypeClassname>
    <locationAttributeTypeId>2</locationAttributeTypeId>
  </org.openmrs.LocationAttributeType>
</list>
