<?xml version="1.0" encoding="UTF-8"?>
<list id="1">
  <org.openmrs.LocationAttributeType id="2" uuid="3f498260-c079-4474-8db9-f12894f139ec">
    <name>siteCode</name>
    <creator/>
    <dateCreated id="3">2021-10-25 17:00:22</dateCreated>
    <retired>false</retired>
    <minOccurs>1</minOccurs>
    <datatypeClassname>org.openmrs.customdatatype.datatype.FreeTextDatatype</datatypeClassname>
    <locationAttributeTypeId>1</locationAttributeTypeId>
  </org.openmrs.LocationAttributeType>
  <org.openmrs.LocationAttributeType id="4" uuid="78dd0af8-9ea5-475a-858a-0adf31e448bd">
    <name>countryCode</name>
    <creator/>
    <dateCreated id="5">2021-10-25 16:59:41</dateCreated>
    <retired>false</retired>
    <minOccurs>1</minOccurs>
    <datatypeClassname>org.openmrs.customdatatype.datatype.FreeTextDatatype</datatypeClassname>
    <locationAttributeTypeId>2</locationAttributeTypeId>
  </org.openmrs.LocationAttributeType>
  <org.openmrs.LocationAttributeType id="6" uuid="8280768b-f4c1-4a91-9b53-3b816c5d5367">
    <name>Project</name>
    <creator/>
    <dateCreated id="7">2022-10-25 20:59:12</dateCreated>
    <retired>false</retired>
    <minOccurs>0</minOccurs>
    <datatypeClassname>org.openmrs.customdatatype.datatype.FreeTextDatatype</datatypeClassname>
    <locationAttributeTypeId>4</locationAttributeTypeId>
  </org.openmrs.LocationAttributeType>
  <org.openmrs.LocationAttributeType id="8" uuid="b59e7f64-11a0-44e2-bbff-27693ff5e735">
    <name>cluster</name>
    <creator/>
    <dateCreated id="9">2021-09-21 10:09:29</dateCreated>
    <retired>false</retired>
    <minOccurs>1</minOccurs>
    <datatypeClassname>org.openmrs.customdatatype.datatype.FreeTextDatatype</datatypeClassname>
    <locationAttributeTypeId>3</locationAttributeTypeId>
  </org.openmrs.LocationAttributeType>
</list>
