<?xml version="1.0" encoding="UTF-8"?>
<list id="1">
  <org.openmrs.Concept id="2" uuid="e1b9b42d-5901-4f34-b1c7-af53e238cba2">
    <conceptId>221244</conceptId>
    <retired>false</retired>
    <datatype id="3" resolves-to="org.openmrs.ConceptDatatype" uuid="8d4a4ab4-c2cc-11de-8d13-0010c6dffd0f">
      <name>Text</name>
      <description>Free text</description>
      <creator/>
      <dateCreated id="4">2004-02-02 00:00:00</dateCreated>
      <retired>false</retired>
      <retiredBy/>
      <conceptDatatypeId>3</conceptDatatypeId>
      <hl7Abbreviation>ST</hl7Abbreviation>
    </datatype>
    <conceptClass id="5" resolves-to="org.openmrs.ConceptClass" uuid="54fec7d3-f75d-45bc-bbe6-2c993fcb955e">
      <name>Actor question</name>
      <description>The class can be used to represent the specific question asked to the actor</description>
      <creator/>
      <dateCreated id="6">2020-01-29 21:48:48</dateCreated>
      <retired>false</retired>
      <conceptClassId>26</conceptClassId>
    </conceptClass>
    <set>false</set>
    <creator/>
    <dateCreated id="7">2022-03-04 09:33:50</dateCreated>
    <changedBy/>
    <dateChanged id="8">2022-03-04 09:36:33</dateChanged>
    <names class="set" id="9">
      <org.openmrs.ConceptName id="10" uuid="75820d40-6f62-4980-b549-7517c21567b7">
        <conceptNameId>275061</conceptNameId>
        <concept reference="2"/>
        <name>adherence_feedback_weekly_q1</name>
        <locale id="11">en</locale>
        <creator/>
        <dateCreated id="12">2022-03-04 09:33:50</dateCreated>
        <voided>false</voided>
        <tags class="set" id="13"/>
        <conceptNameType>FULLY_SPECIFIED</conceptNameType>
        <localePreferred>true</localePreferred>
      </org.openmrs.ConceptName>
      <org.openmrs.ConceptName id="14" uuid="dcffe345-3e16-4544-8fd8-3f96fefd0fdd">
        <conceptNameId>275062</conceptNameId>
        <concept reference="2"/>
        <name>adherence_feedback_weekly_q1</name>
        <locale id="15">en</locale>
        <creator/>
        <dateCreated id="16">2022-03-04 09:33:50</dateCreated>
        <voided>false</voided>
        <tags class="set" id="17"/>
        <conceptNameType>SHORT</conceptNameType>
        <localePreferred>false</localePreferred>
      </org.openmrs.ConceptName>
    </names>
    <answers class="set" id="18"/>
    <conceptSets class="set" id="19"/>
    <descriptions class="set" id="20">
      <org.openmrs.ConceptDescription id="21" uuid="6ebcbfa2-9b26-4af9-af85-40d3695de55f">
        <conceptDescriptionId>35785</conceptDescriptionId>
        <concept reference="2"/>
        <description>For how many days in past week you have taken your medication?</description>
        <locale id="22">en</locale>
        <creator/>
        <dateCreated id="23">2022-03-04 09:33:50</dateCreated>
      </org.openmrs.ConceptDescription>
    </descriptions>
    <conceptMappings class="set" id="24">
      <org.openmrs.ConceptMap id="25" uuid="319d4800-455c-415f-aef5-616c20f0cb8b">
        <conceptMapType id="26" uuid="35543629-7d8c-11e1-909d-c80aa9edcf4e">
          <name>SAME-AS</name>
          <creator/>
          <dateCreated id="27">2018-10-12 00:00:00</dateCreated>
          <changedBy/>
          <dateChanged id="28">2022-03-04 09:16:59</dateChanged>
          <retired>false</retired>
          <conceptMapTypeId>1</conceptMapTypeId>
          <isHidden>false</isHidden>
        </conceptMapType>
        <creator/>
        <dateCreated id="29">2022-03-04 09:36:33</dateCreated>
        <conceptMapId>496548</conceptMapId>
        <concept reference="2"/>
        <conceptReferenceTerm id="30" uuid="e74a3d5b-3994-4373-835f-a48cd0215f2f">
          <creator/>
          <dateCreated id="31">2022-03-04 09:36:33</dateCreated>
          <retired>false</retired>
          <conceptReferenceTermId>448092</conceptReferenceTermId>
          <conceptSource id="32" uuid="21ADDDDDDDDDDDDDDDDDDDDDDDDDDDDDDDDD">
            <name>CIEL</name>
            <description>Columbia International eHealth Laboratory concept ID</description>
            <creator/>
            <dateCreated id="33">2013-07-03 15:55:03</dateCreated>
            <changedBy/>
            <dateChanged id="34">2022-03-04 09:16:59</dateChanged>
            <retired>false</retired>
            <conceptSourceId>21</conceptSourceId>
          </conceptSource>
          <code>221244</code>
          <conceptReferenceTermMaps id="35"/>
        </conceptReferenceTerm>
      </org.openmrs.ConceptMap>
    </conceptMappings>
    <attributes id="36"/>
  </org.openmrs.Concept>
</list>
