<?xml version="1.0" encoding="UTF-8"?>
<list id="1">
  <org.openmrs.module.appframework.domain.UserApp id="2">
    <appId>messages.patientDashboard.bestContact</appId>
    <json>{&#xd;
    &quot;id&quot;:&quot;messages.patientDashboard.bestContact&quot;,&#xd;
    &quot;description&quot;:&quot;Adds some modifications in the patient dashboard&quot;,&#xd;
    &quot;extensions&quot;: [&#xd;
      {&#xd;
        &quot;id&quot;: &quot;messages.patientDashboard.bestContact&quot;,&#xd;
        &quot;order&quot;: 4,&#xd;
        &quot;extensionPointId&quot;: &quot;patientDashboard.secondColumnFragments&quot;,&#xd;
        &quot;icon&quot;: &quot;icon-comment&quot;,&#xd;
        &quot;extensionParams&quot;: {&#xd;
          &quot;provider&quot;: &quot;messages&quot;,&#xd;
          &quot;fragment&quot;: &quot;patientdashboard/bestContactTime&quot;,&#xd;
          &quot;fragmentConfig&quot;: {&#xd;
            &quot;icon&quot;: &quot;icon-comment&quot;,&#xd;
            &quot;personActorTypeLabel&quot;: &quot;Caregiver&quot;,&#xd;
            &quot;detailsUrl&quot;: &quot;owa/messages/index.html#/messages/patient/{{person.id}}&amp;patientUuid={{person.uuid}}&quot;&#xd;
          }&#xd;
        }&#xd;
      }&#xd;
    ]&#xd;
  }</json>
  </org.openmrs.module.appframework.domain.UserApp>
  <org.openmrs.module.appframework.domain.UserApp id="3">
    <appId>messages.patientStatus</appId>
    <json>{&#xd;
    &quot;id&quot;: &quot;messages.patientStatus&quot;,&#xd;
    &quot;label&quot;: &quot;patient status&quot;,&#xd;
    &quot;description&quot;: &quot;Used to provide patient status UI functionality&quot;,&#xd;
    &quot;extensions&quot;: [&#xd;
      {&#xd;
        &quot;id&quot;: &quot;messages.patientHeader.secondLineFragments.patientStatus&quot;,&#xd;
        &quot;extensionPointId&quot;: &quot;patientHeader.secondLineFragments&quot;,&#xd;
        &quot;extensionParams&quot;: {&#xd;
          &quot;provider&quot;: &quot;messages&quot;,&#xd;
          &quot;fragment&quot;: &quot;patientheader/personStatus&quot;&#xd;
        }&#xd;
      }&#xd;
    ]&#xd;
  }</json>
  </org.openmrs.module.appframework.domain.UserApp>
  <org.openmrs.module.appframework.domain.UserApp id="4">
    <appId>messagesapp.basicMessages</appId>
    <json>{&#xd;
    &quot;id&quot;: &quot;messagesapp.basicMessages&quot;,&#xd;
    &quot;label&quot;: &quot;Messages module&quot;,&#xd;
    &quot;description&quot;: &quot;Messages management page&quot;,&#xd;
    &quot;extensions&quot;: [&#xd;
      {&#xd;
        &quot;id&quot;: &quot;messagesapp.basicMessages.administrationLink&quot;,&#xd;
        &quot;extensionPointId&quot;: &quot;systemAdministration.apps&quot;,&#xd;
        &quot;type&quot;: &quot;link&quot;,&#xd;
        &quot;order&quot;: 10,&#xd;
        &quot;label&quot;: &quot;messages.title&quot;,&#xd;
        &quot;url&quot;: &quot;owa/messages/index.html#/messages/manage&quot;,&#xd;
        &quot;icon&quot;: &quot;icon-comment&quot;,&#xd;
        &quot;requiredPrivilege&quot;: &quot;Messages schedule privilege&quot;&#xd;
      },&#xd;
      {&#xd;
        &quot;id&quot;: &quot;messagesapp.basicMessages.patientDashboardLink&quot;,&#xd;
        &quot;extensionPointId&quot;: &quot;patientDashboard.overallActions&quot;,&#xd;
        &quot;type&quot;: &quot;link&quot;,&#xd;
        &quot;label&quot;: &quot;messages.title&quot;,&#xd;
        &quot;icon&quot;: &quot;icon-comment&quot;,&#xd;
        &quot;order&quot;: 2,&#xd;
        &quot;url&quot;: &quot;owa/messages/index.html#/messages/patient/{{patient.patientId}}&amp;patientUuid={{patient.uuid}}&quot;&#xd;
      }&#xd;
    ]&#xd;
  }</json>
  </org.openmrs.module.appframework.domain.UserApp>
</list>
