<?xml version="1.0" encoding="UTF-8"?>
<list id="1">
  <org.openmrs.PersonAttributeType id="2" uuid="14d4f066-15f5-102d-96e4-000c29c2a5d7">
    <name>Telephone Number</name>
    <description>The telephone number for the person</description>
    <creator/>
    <dateCreated id="3">2007-08-16 14:38:20</dateCreated>
    <dateChanged id="4">2007-08-16 14:38:20</dateChanged>
    <retired>false</retired>
    <personAttributeTypeId>8</personAttributeTypeId>
    <format>java.lang.String</format>
    <sortWeight>7.0</sortWeight>
    <searchable>true</searchable>
  </org.openmrs.PersonAttributeType>
  <org.openmrs.PersonAttributeType id="5" uuid="8b56eac7-5c76-4b9c-8c6f-1deab8d3fc47">
    <name>Unknown patient</name>
    <description>Used to flag patients that cannot be identified during the check-in process</description>
    <creator/>
    <dateCreated id="6">2012-10-19 21:24:15</dateCreated>
    <retired>false</retired>
    <personAttributeTypeId>9</personAttributeTypeId>
    <format>java.lang.String</format>
    <sortWeight>13.0</sortWeight>
    <searchable>false</searchable>
  </org.openmrs.PersonAttributeType>
</list>
