<?xml version="1.0" encoding="UTF-8"?>
<list id="1">
  <org.openmrs.ConceptSource id="2" uuid="68f2dfdc-3fc1-50ee-a522-7bc01771be29">
    <name>KenyaEMR</name>
    <description>Imported from https://api.openconceptlab.org/orgs/CIEL/sources/CIEL/mappings/956637/</description>
    <creator/>
    <dateCreated id="3">2022-01-03 16:36:31</dateCreated>
    <retired>false</retired>
    <conceptSourceId>44</conceptSourceId>
  </org.openmrs.ConceptSource>
  <org.openmrs.ConceptSource id="4" uuid="13ADDDDDDDDDDDDDDDDDDDDDDDDDDDDDDDDD">
    <name>AMPATH</name>
    <description>AMPATH concept dictionary</description>
    <creator/>
    <dateCreated id="5">2010-10-24 17:02:38</dateCreated>
    <changedBy/>
    <dateChanged id="6">2022-03-04 15:57:22</dateChanged>
    <retired>false</retired>
    <conceptSourceId>13</conceptSourceId>
  </org.openmrs.ConceptSource>
  <org.openmrs.ConceptSource id="7" uuid="21ADDDDDDDDDDDDDDDDDDDDDDDDDDDDDDDDD">
    <name>CIEL</name>
    <description>Columbia International eHealth Laboratory concept ID</description>
    <creator/>
    <dateCreated id="8">2013-07-03 15:55:03</dateCreated>
    <changedBy/>
    <dateChanged id="9">2022-03-04 15:57:27</dateChanged>
    <retired>false</retired>
    <conceptSourceId>21</conceptSourceId>
  </org.openmrs.ConceptSource>
  <org.openmrs.ConceptSource id="10" uuid="171a5df4-acac-5e9b-b59b-50ecc9460a4a">
    <name>SNOMED-CT</name>
    <description>Imported from https://api.openconceptlab.org/orgs/CIEL/sources/CIEL/mappings/1000667/</description>
    <creator/>
    <dateCreated id="11">2022-01-03 16:36:31</dateCreated>
    <retired>false</retired>
    <conceptSourceId>40</conceptSourceId>
  </org.openmrs.ConceptSource>
</list>
